word,vibe
modern,Modern
contemporary,Modern
sleek,Modern
refined,Modern
minimalist,Modern
stylish,Modern
hip,Modern
rustic,Rustic
bistro,Rustic
farmhouse,Rustic
wood,Rustic
stone,Rustic
natural,Rustic
organic,Rustic
vintage,Rustic
old-fashioned,Rustic
red-brick,Rustic
wooden,Rustic
rough-hewn,Rustic
romantic,Romantic
intimate,Romantic
charming,Romantic
warm,Romantic
soft,Romantic
inviting,Romantic
evening,Romantic
sleepy,Romantic
classic,Classic
elegant,Classic
iconic,Classic
fine,Classic
traditional,Classic
vibrant,Vibrant
lively,Vibrant
fun,Vibrant
bold,Vibrant
music,Vibrant
festive,Vibrant
provocative,Vibrant
relaxed,Relaxed
casual,Relaxed
laidback,Relaxed
welcoming,Relaxed
friendly,Relaxed
comfortable,Relaxed
informal,Relaxed
pleasant,Relaxed
luxurious,Luxurious
exclusive,Luxurious
sophisticated,Luxurious
marble,Luxurious
embellished,Luxurious
luxury,Luxurious
upscale,Luxurious
playful,Creative
imaginative,Creative
quirky,Creative
provocative,Creative
quiet,Tranquil
light,Tranquil
airy,Tranquil
cool,Tranquil
calm,Tranquil
tranquil,Tranquil
tranquility,Tranquil
hidden,Hidden Gems
tucked,Hidden Gems
understated,Hidden Gems
house,Hidden Gems
garden,Hidden Gems
rooftop,Hidden Gems
tea,Hidden Gems
bistro-style,Hidden Gems
charm,Hidden Gems
